user_id,specialization
3830784,c++
3830784,embedded-linux
5712896,visual-studio-2015
5712896,debugging
5712896,javascript
5712896,console
2350083,asp.net-core-mvc
2350083,android
3447813,css
3447813,c#
3447813,client-dependency
3447813,javascript
6051159,node.js
6051159,firebase
6051159,android
6051159,firebase-cloud-messaging
616460,c++
2648077,struts2
2648077,java
2648077,http-status-code-404
2648077,configuration
3918865,ios
3918865,xcode8
3918865,swift3
3918865,swift
3918865,xcode
2883603,r
1421332,element
1421332,html
1086638,android
3276822,animation
3276822,android
3276822,fade
219159,c++
3704857,ios
859402,angular2
2165788,d3.js
4178510,c++11
406174,ruby-on-rails
406174,rake
406174,unit-testing
3775493,python
4083744,ios
7079970,java
7079970,libgdx
1669089,ionic2
6605532,django-static
6605532,django-staticfiles
6605532,django
634374,node.js
634374,stream
2059307,ios
2059307,xcode8
2059307,carthage
2059307,swift
2059307,xcode8-beta6
1806381,angularjs
2952238,css
2952238,html
3846192,replication
3846192,redis
3846192,database-replication
3846192,caching
3846192,key-value
5982429,mysql
5982429,sql
5982429,order
806963,angular2
1294150,android-fingerprint-api
2391390,java
2391390,web-services
2391390,onstart
2391390,scheduled-tasks
2391390,playframework-2.5
3448887,iphone
3448887,ios10
3448887,xcode8
6945851,ruby-on-rails-5
6945851,heroku
6462524,php
6462524,facebook
6462524,laravel-5.2
6462524,share
6462524,facebook-graph-api
4162625,c++
4162625,regex
4162625,ifstream
4162625,ofstream
4162625,iterator
6539332,java
1202529,tsql
1202529,sql-server
1202529,gaps-and-islands
5043272,mips
5043272,mips32
5043272,memory-address
5043272,endianness
4984906,php
4984906,java
4984906,cordova
4984906,android
4984906,video-streaming
2406476,angularjs
2406476,node.js
2406476,mean-stack
5037133,masked-array
5037133,arrays
5037133,numpy
5037133,python
4373583,ios
4373583,app-store
4373583,time
4373583,react-native
4373583,xcode8
2573395,dictionary
2573395,c#
2573395,multithreading
7030868,scrapy
7030868,scrapy-spider
7030868,python-2.7
7030868,web-scraping
7030868,python
2593877,javascript
6766678,hybrid
6766678,github
6766678,material-design
6766678,native
6766678,android
6766678,cdn
1608889,amazon-web-services
1608889,amazon-dynamodb
2985049,apache-spark-sql
2985049,mysql
2985049,apache-spark
2985049,g1gc
2985049,scala
2985049,spark-streaming
2985049,garbage-collection
1363471,google-drive-sdk
3830876,swift
2160736,drupal-7
2160736,drupal
1683302,gcc
1683302,ffmpeg
1683302,avconv
3604582,jade
3604582,pug
7069713,libusb
7069713,linux
7069713,libusb-1.0
6041704,javascript
2731113,python
4079725,ionic2
5756015,php
5756015,validation
5756015,symfony2
1186778,php
1186778,firebase-cloud-messaging
1186778,curl
6542449,pointers
6542449,c
6542449,discrete-mathematics
3716870,struts2
3716870,javascript
2974739,ruby-on-rails
2974739,net-http
6354622,python
4539241,httplib
4539241,selenium-chromedriver
4539241,selenium
1709076,twilio-api
1709076,campaign-monitor
1709076,twilio
1709076,whitelist
1709076,ios
1709076,amazon-ec2
1709076,facebook-marketing-api
1709076,elastic-load-balancer
1709076,twiml
288891,xml
288891,c#
288891,soap
6015101,c#
7078015,php
7078015,contain
7078015,cakephp-3.0
4898946,ajax
4898946,jsp
4898946,spring-mvc
4898946,javascript
4898946,jquery
5539971,culture
5539971,c#
5539971,format
5539971,region
6027397,css
6027397,html
1023110,java
1023110,jquery-ui
1023110,grails
1023110,jquery
6772871,ios
6772871,xcode
4034697,firebase-analytics
4034697,firebase
4034697,android
256138,c
256138,c++
5024907,geolocation
5024907,javascript
5024907,google-chrome
2488460,pagination
2488460,css
2488460,toggle
2488460,mongoose
2488460,node.js
2488460,mongodb
2488460,sorting
2488460,html
7082126,ruby
7082126,ruby-on-rails-3.2
7082126,ruby-on-rails-4
7022735,java
566608,hdfs
566608,hadoop
65681,stormpath
65681,jhipster
65681,angular2-testing
65681,unit-testing
65681,appfuse
65681,angularjs
65681,testing
65681,spring-mvc
65681,typescript
65681,spring-boot
65681,mysql
65681,java
65681,spring
65681,angular2
65681,cors
65681,spring-security
3444882,virtual-machine
3444882,kvm
3444882,java
3444882,guava
3444882,getrusage
3444882,rate-limiting
3444882,vcpu
3295379,karma-jasmine
3295379,angular2-testing
2786452,android
6943086,java
3491991,list
3491991,sqlite3
3491991,python
4675736,asp.net-mvc
4675736,facebook
4675736,facebook-android-sdk
4675736,facebook-share
4675736,facebook-graph-api
4675736,android
3001028,php
3001028,codeigniter
3001028,mailgun
5754223,javascript
3005637,externals
3005637,webpack
3005637,reactjs
1432736,equivalent
1432736,operators
1432736,vba
1432736,vb.net
1432736,conditional-operator
1432736,short-circuiting
2091169,performance
2091169,python
2091169,mean
1049668,php
1049668,javascript
4447395,express
4447395,node.js
4447395,javascript
4447395,asynchronous
4844708,wifi
4844708,mac-address
4844708,checkpoint
4844708,router
4844708,hostapd
4844708,android
4844708,bssid
6642855,ruby-on-rails
4651178,c++
297131,ios
297131,iphone
297131,nslayoutconstraint
297131,swift
297131,objective-c
4761773,jquery
2739374,php
2739374,linux
2739374,stream
2739374,security
2739374,ata
7039151,ms-access
7039151,subquery
3220680,php
3220680,silverstripe
4044318,windows-7-x64
4044318,ms-access-2010
5904566,ipc
5904566,webbrowser-control
5904566,electron
61623,xamarin.android
6407353,xcode8
6407353,sceneeditor
6407353,sprite-kit
6407353,sktexture
2901178,ios
4963516,mamp
4963516,multithreading
4963516,apache-kafka
4963516,apache
4963516,kafka-consumer-api
4963516,java
6402238,javascript
5135551,ios
5135551,ios10
5135551,mpmedialibrary
423105,xml
423105,xslt
423105,templates
6198614,ios
6198614,pinterest
7082181,c++
7082181,multithreading
160968,typo3-7.6.x
3625161,liquid
3625161,jekyll
1135819,python
4870349,java
4870349,firebase
4870349,eclipse
1033422,message-hub
1033422,ibm-bluemix
1033422,apache-spark-mllib
1033422,apache-kafka
1033422,python
756941,xcode8
1465553,c++
7015630,nginx
7015630,google-container-engine
7015630,google-cloud-platform
7015630,google-compute-engine
7015630,google-cloud-endpoints
488666,node.js
488666,mongoose
15055,python
1977565,android
6461662,sql
258274,redis
258274,python
258274,pandas
3799878,css-float
3799878,css-position
3799878,positioning
3799878,css
3799878,html
6503654,angular2
4665575,xamarin.forms
4665575,xamarin
4621545,qt
4888475,testing
4888475,gradle
4888475,junit
4888475,groovy
1023216,javascript
4800754,c++
4800754,pthreads
4800754,multithreading
4489459,android-gradle
4489459,android-studio
4489459,jenkins
4489459,android
4489459,gradle
2142455,xsd
2142455,c#
2142455,debugging
2142455,oracle
2142455,obsolete
2419960,stream
2419960,flash-player
2419960,rtmfp
2419960,video-streaming
2419960,twitter
2419960,flex
7079161,npm
7079161,node.js
7038847,asp.net-core-mvc
6593789,ajax
6593789,express
6593789,node.js
6593789,javascript
6593789,jquery
3345664,serenity-bdd
3844353,google-api
3844353,google-search-api
2610902,asp.net-web-api
2610902,oauth
2610902,asp.net
2610902,asp.net-identity
5536006,java
5536006,jsch
5536006,android
5536006,ssh
1080583,rack
1080583,sinatra
1238280,linux
1238280,wsl
1238280,ubuntu
1238280,ubuntu-16.04
1238280,bash
3968265,chef
3968265,chef-recipe
3968265,ohai-gem
5872906,suitescript
5872906,netsuite
3271948,ipv6
3271948,http-headers
3271948,curl
3271948,apache2.4
2218253,angular2
6044943,writeablebitmap
6044943,uwp
6044943,writeablebitmapex
387345,angularjs
3450755,enums
3450755,type-conversion
3450755,c#
3450755,enum-flags
6578454,sonata-admin
6578454,symfony2
3562775,php
3562775,javascript
611716,xaml
611716,wpf
611716,visual-studio-2015
2838811,php
2838811,doctrine2
2838811,symfony2
2838811,fosuserbundle
315677,spring
315677,java
315677,spring-mvc
315677,rest
315677,spring-security
4055088,google-drive-android-api
4055088,android
5141619,python-2.7
5141619,regex
5141619,javascript
5141619,python
2105636,selenium-chromedriver
2105636,node.js
2105636,selenium-webdriver
2105636,selenium
2105636,nwjs
1135535,c#
3705127,java
3308840,pdfkit
3308840,wkhtmltopdf
6276393,c
6276393,linear
6276393,process
6276393,mpi
5501228,jdbc
5501228,java
5501228,oracle
4037170,vba
4037170,excel
4037170,tabs
4037170,excel-vba
4037170,forms
4371758,collections
4371758,java
4371758,java-8
3915997,plugins
3915997,clang-format
3915997,xcode
1200432,c++
1200432,visual-studio-2013
1200432,unit-testing
4122931,spring
4122931,java
4122931,autowired
4122931,spring-data-jpa
5088990,python
1751350,php
1751350,mysql
1751350,codeigniter
3796286,c#
3983679,onbeforeunload
3983679,javascript
217408,angular2
4298049,matlab
4482748,angular2
4482748,typescript
5379399,traveling-salesman
5379399,np
5379399,algorithm
7078216,tensorflow
1078601,r-caret
1078601,r
39242,google-bigquery
39242,google-cloud-datastore
2901323,web-config
2901323,asp.net
2901323,encryption
2901323,connection-string
1801549,node.js
1801549,javascript
6371663,php
6371663,appcelerator
6371663,javascript
6371663,session
436560,javascript
4201809,ruby-on-rails
5754195,java
26510,java
3922262,android-gradle
3922262,android
5314903,ruby
5314903,vagrant
4474804,permissions
4474804,assetic
4474804,windows
4474804,symfony2
4474804,apache
833885,objective-c
2152798,linux
2152798,device-tree
2152798,embedded
2152798,linux-kernel
2152798,beagleboneblack
2040160,babeljs
2040160,gulp
2040160,angular2
2040160,yeoman
2040160,yeoman-generator
2040160,ecmascript-6
453985,aws-powershell
453985,powershell
453985,amazon-web-services
453985,aws-lambda
167483,documentation
167483,c++
167483,doxygen
1150311,fingerprint
1150311,android
1150311,s5
3226984,android
5956839,javascript
5956839,jquery
1039893,ruby-on-rails
1039893,pdf-generation
1039893,prawn
6821689,load-balancing
6821689,python
6821689,python-requests
2443630,c#
2443630,.net-core
5048687,php
5048687,sagepay
5048687,encryption
2506096,powershell
6950259,css
6950259,html
5699956,android
2178421,angularjs
2178421,angular-ui-bootstrap
1022330,extjs
1022330,extjs4
3547514,asp.net-core
3547514,c#
3547514,entity-framework-core
3547514,entity-framework
3814160,ios
1025407,c#
1025407,visual-studio
1025407,uwp
1025407,debugging
1025407,windows-10-mobile
4845952,ionic-framework
4845952,gradle
4845952,android-studio
4845952,angularjs
4845952,frontend
4845952,javascript
4845952,android
4845952,html
5531200,asp.net-mvc
5531200,button
5531200,c#
5531200,selenium
3734914,python
2340227,wsdl
2340227,xml
2340227,scala
2340227,scalaxb
2340227,xsd
4148612,spacy
4148612,python
2159510,html5
2159510,google-earth
2159510,wgs84
2159510,fileapi
2159510,javascript
2159510,xamarin.ios
2159510,windows-applications
2159510,sharpkml
2159510,xamarin.forms
2159510,kml
2159510,google-maps
2159510,xamarin.android
2159510,button
2159510,c#
2159510,xamarin.mac
2159510,xamarin
1493382,digital-certificate
1493382,visual-studio
1493382,r
296328,maven
1252748,javascript
28045,windows-explorer
28045,windows-shell
597390,php
1639825,ios
1639825,phasset
6546835,canvas
6546835,giflib
6546835,heroku
6546835,deployment
1065366,java
1065366,web-services
1065366,soap
895384,bokeh
895384,jupyter
895384,python
5699993,angular2
5699993,node.js
5699993,javascript
4029851,php
4029851,rest
4029851,fedora-commons
516508,rest
516508,docker-api
516508,windows-7
516508,windows
516508,docker
5266846,php
5198405,sql
2734863,python-3.x
2734863,python
2794395,javascript
2794395,date
907685,xml
907685,go
907685,marshalling
6659494,qt
5605801,template10
5605801,xaml
5605801,c#
5605801,uwp
5033031,php
891331,luis
891331,datepicker
891331,datetime
891331,botframework
891331,javascript
891331,date
1141168,colors
1141168,html
3349937,jelastic
3349937,protocols
3349937,tomcat8
3349937,dns
3349937,docker
3349937,udp
3349937,tcp
4032946,ruby-on-rails
4595123,jdbc
4595123,md5
4595123,tomcat
5805492,c#
7077301,linux
7077301,arrays
7077301,nasm
7077301,x86-16
7077301,assembly
1843640,c#
1843640,.net
1843640,web-api
1843640,visual-studio
1843640,azure-mobile-services
14777,azure-service-fabric
14777,azure
14777,signalr
14777,asp.net-web-api
4272097,asp.net-mvc
4272097,c#
4272097,post
4272097,azure
3679676,kotlin
7031230,sql-server
4434367,java
4434367,javamail
455042,structuremap
455042,c#
455042,.net
7080389,c#
7080389,vb.net
7080389,webforms
7080389,webbrowser-control
5672357,android-studio
5672357,firebase
5672357,android
5672357,firebase-authentication
6348140,typesafe-config
1647052,html5
1647052,javascript
1647052,local-storage
1647052,jquery
1857998,swift
1857998,ios
5509709,jquery
2626000,python
733649,gcc
733649,warnings
733649,compiler-warnings
221650,cgridview
221650,yii
25507,javascript
25507,promise
25507,google-chrome
6657492,pattern-matching
6657492,html
4501973,nativescript
4501973,unit-testing
1643257,apache-spark-sql
1643257,pyspark
1269208,socketcan
1269208,c++
1269208,cross-compiling
1269208,embedded-linux
1269208,cmake
4055513,javascript
4055513,html
4055513,jquery
1498586,android
5236815,oauth
5236815,android
4088570,machine-learning
4088570,tf-idf
137695,fedex
6241348,slidetoggle
6241348,javascript
6241348,html
6241348,jquery
1876449,python-xarray
3767778,python
1922531,python-3.x
1922531,excel
1922531,python
1922531,pandas
3748325,callback
3748325,rabbitmq
3748325,node.js
3748325,timeout
4287974,netlogo
6457392,swift
425895,r
4209135,java
4209135,break
4209135,for-loop
4209135,loops
1449456,css
1449456,svg
1449456,javascript
1158642,vtiger
1158642,vtigercrm
2486355,asp.net-mvc
2486355,code-first
2486355,performance
2486355,asp.net-identity
2486355,jquery
2486355,javascript
2486355,twitter-bootstrap
2486355,entity-framework
357801,wordpress
5686779,boolean-operations
5686779,boolean-logic
5686779,boolean
5686779,boolean-expression
4868181,wheel
4868181,python
4868181,kivy
840960,android-studio
840960,android-ndk
840960,android
6432683,graphics
6432683,turtle-graphics
6432683,python
6432683,python-3.5
6776326,radio-button
6776326,javascript
6776326,html
6776326,jquery
2192903,tomcat8
2192903,javabeans
2192903,tomcat
2192903,groups
2192903,java
2192903,bean-validation
2192903,spring-boot
2788872,typescript
4471305,xcode8
4471305,uitableview
4471305,swift
1849866,sql-server
5848590,javascript
1977871,mvvm
1977871,powershell
1977871,dialog
1977871,git-bash
1977871,mvvm-light
1709587,spacy
1709587,python
1986068,mysql
1986068,advanced-custom-fields
1986068,wordpress
3560981,bash
10774,here-api
939543,angular2
939543,webpack
939543,google-maps
939543,typescript
6573592,node.js
5864985,ruby-on-rails
4190747,ios
4190747,django-rest-framework
4190747,swifty-json
4190747,django
4190747,swift
4299294,ios
4299294,xcode8
4299294,swift3
5356066,ruby
5356066,ruby-on-rails
5356066,redmine-plugins
5356066,redmine
1327651,clojure
7002661,fluent-ffmpeg
7002661,ffmpeg
418343,.net-4.5
418343,listview
418343,c#
418343,asp.net
418343,entity-framework
2583080,winforms
5695018,python
474034,java
6813231,android
6940208,django
6940208,python
2921009,combobox
2921009,c#
2921009,wpf
6101554,module
6101554,node.js
6101554,mongodb
6101554,ecmascript-6
3553843,firebase-database
3553843,firebase
3553843,android
6925878,struts2
6925878,jsp
75017,flash-message
75017,typo3
841273,amazon-web-services
841273,elastic-beanstalk
841273,awsdeploy
1901114,unicode
1901114,python-3.x
1901114,locale
1901114,python
1901114,utf-8
1567291,java
1030717,c
1030717,osx
1030717,libpcap
74302,inversion-of-control
74302,c#
74302,automapper-5
74302,autofac
74302,automapper
825920,angularjs
825920,rest
825920,ngresource
1580610,amazon-web-services
1580610,elastic-beanstalk
4709956,webpack
4709956,amazon-s3
4709956,code-splitting
4709956,django
4709956,django-storage
6941253,java
6941253,hibernate
6941253,jpa
2055750,google-chrome-extension
2055750,javascript
2055750,google-chrome
2055750,jquery
5194337,csv
5194337,symfony2
5194337,twig
4656713,angularjs
4975179,php
4075085,loops
4075085,r
2146894,r
1042151,java
1621584,java
5324369,typescript
741970,kafka-0.10
741970,apache-kafka-streams
741970,apache-kafka
741970,concurrency
895667,azure-service-fabric
895667,azure
804440,iot
804440,bluetooth
804440,android
804440,bluetooth-lowenergy
5912335,ios
5912335,avfoundation
5912335,video
5912335,avplayeritem
5912335,objective-c
2653,javascript
7034465,java
1655398,servlet-3.0
1655398,jax-rs
1655398,java-ee
960102,c#
960102,dotnet-httpclient
6628625,animated-gif
6628625,java
6628625,swing
6628625,jframe
6628625,gif
573032,struts2
4937324,twitter-bootstrap-3
4937324,popover
4937324,javascript
4937324,twitter-bootstrap
4937324,jquery
6708847,liquibase
5506673,dependency-injection
5506673,orleans
1015571,angularjs
1015571,angular2
1015571,javascript
1015571,typescript
1015571,angularjs-directive
2836084,add-in
2836084,rstudio
6673970,python-2.7
6673970,amazon-s3
6673970,boto3
6673970,aws-lambda
6621815,java
6621815,i2c
6621815,raspberry-pi3
2554220,fltk
2554220,octave
2554220,matlab
1027706,unique-constraint
1027706,duplicates
1027706,django
1027706,postgresql
1027706,database-integrity
3659387,wxwidgets
3910269,react-native
3910269,javascript
3910269,reactjs
2923135,arrays
2923135,react-native
2923135,firebase
2923135,react-native-android
2923135,firebase-database
2923135,javascript
6892161,spark-dataframe
6892161,apache-spark
6892161,spark-streaming
5744712,bash
1548932,mysql
1002119,mysql-workbench
1889928,java
5021321,python
6908560,notifications
6908560,ios10
6908560,swift3
149138,assembly
1692099,c#
1692099,game-physics
1692099,game-engine
1692099,unity3d
3067542,spring
3067542,java
3067542,spring-amqp
3067542,spring-rabbitmq
3067542,spring-boot
6751513,background
6751513,iframe
6751513,google-chrome
6751513,dom
6751513,google-chrome-extension
6751513,javascript
6751513,html
6751513,facebook-javascript-sdk
759452,magnolia
759452,configuration
938654,mysql
938654,bigdata
938654,analytics
5316255,angularjs
7024289,navigation
7024289,plugins
7024289,css
7024289,responsive
7024289,responsive-design
7024289,wordpress
7024289,text
7024289,menu
7024289,html
7024289,jquery
7077538,vb.net
7077538,multithreading
2829987,gradle
7025161,asp.net-mvc
7025161,c#
7025161,visual-studio-2010
7025161,sql-server-2014
7025161,asp.net-mvc-4
3003045,wordpress
39590,compression
39590,github
39590,database
39590,credentials
39590,sourcetree
1325575,class
1325575,php
1325575,jquery
1325575,javascript
1325575,namespaces
1325575,file-upload
4755399,android
2216621,kubernetes
2216621,nginx
2216621,osx
2216621,regex
2216621,javascript
2216621,typescript
2216621,electron
7058509,xamarin.android
7058509,deployment
2230045,filter
2230045,java
2230045,java-stream
2230045,java-8
2016946,javascript
2016946,momentjs
7075507,vba
6559412,enthought
6559412,traitsui
5992118,django
1161906,stm32
1161906,eclipse
3255071,c++
3255071,visual-studio
3255071,mkdir
3211950,magrittr
3211950,dplyr
3211950,parallel-processing
3211950,r
3211950,snow
1079901,android
1134197,angular2
1134197,android-fragments
1134197,android
1134197,service
1134197,rotation
843458,signals-slots
843458,c++
843458,multithreading
843458,qt
1019588,html5
1019588,google-chrome
1019588,jquery
5356229,thickness
5356229,woocommerce
5356229,styles
5356229,wordpress
5356229,php
5356229,checkbox
5356229,android
4529864,iphone
4529864,firebase-cloud-messaging
4529864,xcode
4529864,objective-c
4465100,mysql
4465100,sonarqube-web
4465100,msbuild
4465100,passwords
4465100,sonarqube-msbuild-runner
4465100,sonarqube
4465100,fedora
4465100,mariadb
1658570,wt
978551,networking
978551,udp
978551,tcp
6175437,mithril.js
7071218,csv
7071218,mule-component
7071218,mule
7071218,dataweave
2206417,node.js
2206417,windows
2206417,protractor
1977045,anthill
1977045,git
1977045,continuous-integration
1977045,githooks
1977045,bonobo
2983638,networkx
2983638,python
2983638,graph
2870735,php
7045852,java
7045852,android
7045852,xmlpullparser
6334174,java
6334174,xslt
6334174,xalan
6334174,xml
718559,android
449249,azure
449249,azure-data-lake
449249,u-sql
7060091,raspberry-pi
7060091,python
811748,ios
811748,xcode
456423,java
456423,elasticsearch
456423,apache-flink
5865,devise
5865,ruby-on-rails-5
484074,c#
484074,.net
484074,string-interpolation
1890027,shader
1890027,unity3d
6515436,ruby
6515436,ruby-on-rails
6515436,gemfile
6515436,bundle
2324206,php
7041775,asp.net-mvc-5
7041775,kendo-grid
7041775,jquery
2490002,mongodb
851699,python
1479414,java
1704745,java
6043385,android-studio
6043385,google-indoor-maps
6043385,android
3943162,php
4684539,angularjs
4684539,javascript
6248190,java
6248190,arrays
1695437,loops
1695437,python
4583267,android
7053061,java
5807878,javascript
5807878,data-visualization
5807878,d3.js
691977,ios
4585226,c#
4585226,android
5402754,crossfilter
5402754,charts
5402754,javascript
5402754,dc.js
5402754,d3.js
3554605,sql
3554605,javascript
3554605,sqlite
1422096,piwik
1422096,apache
726802,laravel-5.2
726802,laravel-5.3
726802,laravel
5852947,c#
5852947,excel
3801876,shopify
3801876,liquid-layout
3801876,liquid
5090070,gcc
5090070,homebrew
4582261,google-analytics
4582261,youtube-api
4582261,youtube
4582261,javascript
4582261,google-oauth
1216281,php
1216281,dependency-injection
1216281,symfony-3.1
1216281,configuration
1348379,android
2607578,java
2607578,javascript
2607578,android
2607578,android-webview
5447454,c
5447454,modulus
5447454,exponentiation
3200799,fixed
3200799,css-tables
3200799,woocommerce
3200799,css
3200799,wordpress
3200799,header
3098402,ios
3098402,mpmovieplayercontroller
3098402,video
3098402,uiinterfaceorientation
3098402,objective-c
5270307,sql
5270307,sql-server-2012
5270307,swift
5270307,vuforia
5270307,xcode
2391849,webview
2391849,swift
2391849,pdf
2391849,android-viewpager
2391849,android
2391849,html
2391849,uiprintformatter
3943047,bash
3943047,wsl
3943047,windows-10
484304,ios
2005490,google-drive-sdk
5899631,swift
1480500,windows-10-iot-core
2714421,typo3-7.6.x
2714421,jquery
917129,android
3624760,c++
3624760,crypto++
5508921,iteration
5508921,matlab
5508921,estimation
5508921,quantile
5976543,sql
5976543,ssl
5976543,sql-server
5976543,c#
5976543,asp.net
5976543,sql-server-2008
7006012,ios
7006012,uitableview
6868161,user-interface
6868161,java
6868161,android
6868161,timer
6868161,xml
1139526,networking
1139526,amazon-web-services
1139526,amazon-ec2
6785505,desktop-application
6785505,testcomplete
4387657,select2
4387657,javascript
4387657,select
4387657,jquery
3524426,azure-service-fabric
2768715,documentation
2768715,python-3.x
5157709,sql-server
5157709,excel
6788920,javascript
6788920,asp.net-webpages
6788920,razor
6788920,jquery
5438292,maximo-anywhere
4109141,java
4109141,securitymanager
4109141,reflection
4109141,policies
264022,linq
264022,c#
264022,single-page-application
264022,javascript
264022,durandal
7078743,jmeter
7078743,beanshell
4199256,collections
4199256,java
4199256,sorting
4199256,fileitem
294884,ios
4225225,django-1.9
4690780,xpages
3637106,javascript
6372837,angular2
6372837,typescript
1992547,sql
1992547,c#
6397798,jlabel
6397798,java
6397798,swing
6627473,installation
6627473,jupyter-notebook
6627473,apache-spark
4439913,google-api
4439913,google-apps
5425003,asp.net-mvc
5425003,android-4.0
5425003,android-gradle
5425003,asp.net-identity
5425003,android
5425003,entity-framework
6517383,php
2473837,ansible-playbook
2473837,yaml
3829614,qt
3829614,cmake
2641777,ios
2641777,wallet
5035890,css
5035890,javascript
5035890,jquery
5104787,php
5104787,datetime
5104787,wordpress
5104787,timestamp-with-timezone
5490549,sass
5490549,css
5490549,javascript
5490549,html
5490549,reactjs
4774774,profiling
4774774,svg
4774774,javascript
4774774,d3.js
4774774,google-chrome
5462903,sql
5462903,linq
5462903,tsql
5462903,asp.net
5462903,entity-framework
3770235,css
6568829,maven-3
2596734,php
2596734,laravel
970999,mysql
970999,asp.net-mvc
970999,entity-framework
522560,bash
522560,affix
522560,git
522560,css
522560,githooks
522560,twitter-bootstrap-3
522560,git-branch
522560,twitter-bootstrap
43906,internet-explorer
43906,safari
43906,javascript
43906,datetime
6060931,java
6060931,extract
2490247,adt
2490247,sdk
2490247,android
2490247,https
2490247,connection
1948552,xssf
1948552,c#
1948552,.net
1948552,npoi
1948552,excel
3912585,laravel-5.3
3912585,dingo-api
3912585,vue-resource
3912585,vue.js
3912585,laravel
1060779,jsonp
1060779,cors
1060779,javascript
1060779,jquery
5552014,arangodb
1312080,svn
1312080,jira
1312080,diff
7058653,google-play-services
99971,ajax
99971,django
99971,django-queryset
99971,django-models
99971,datatables
99971,javascript
99971,jquery
7061,arraylist
7061,css
7061,google-chrome
7061,casting
7061,java
7061,list
7061,string
7061,html
5468054,android
6306969,opengl
6306969,raytracing
6306969,glsl
7082905,javascript
7082905,reactjs
6914991,css
6914991,javascript
6914991,html
6865819,php
5495708,code-signing
5495708,swift3
5495708,macos-sierra
5495708,xcode
4247453,c#
4279201,java
2896802,html5
2896802,angular2
2896802,angularjs-ng-model
2896802,angularjs-directive
4415245,int
4415245,java
4415245,recursion
4415245,comma
6883459,c++
7071653,java
7071653,listview
7071653,android
7071653,xml
7066428,vba
7066428,excel
7066428,outlook
7066428,email
7066428,excel-vba
5210825,android
5862315,angular2
5862315,javascript
3934616,java
3934616,ant
3934616,java.lang
3934616,android
3934616,netbeans
151471,swift
1306546,java
1306546,jackson
1306546,marshalling
1306546,camel
1306546,json
5428723,javascript
5428723,jquery
3935156,bootstrap-modal
3935156,location
3935156,google-maps
3935156,google-maps-api-3
2858654,android
2341815,ssl
2341815,ionic
2341815,plugins
2341815,okhttp3
2341815,cordova
2341815,java
2341815,android
2341815,security
363448,sockets
363448,express
363448,node.js
2266042,php
2266042,.htaccess
2266042,wordpress
2266042,permalinks
2266042,apache
7038794,css
7038794,javascript
7038794,html
7038794,jquery
793181,ejbca
793181,jscep
33727,highcharts
33727,javascript
5456671,android-studio
5456671,android-actionbar
5456671,android
5456671,android-activity
6944707,vba
6944707,loops
6944707,access
6944707,copyfile
913569,babeljs
913569,ecmascript-next
913569,javascript
4983752,angular2
3453898,c#
4706252,android
6320335,ios
265167,dynamics-crm-online
265167,dynamics-crm
3509051,phonegap-plugins
3509051,pecl
3509051,phonegap-build
3509051,cordova
3509051,memcached
3509051,ios
3509051,php-7
3509051,android
3509051,centos6.5
175057,ios
175057,mobile-safari
175057,fastclick.js
175057,iphone-standalone-web-app
2545618,focus
2545618,wpf
2545618,numericupdown
2545618,wpftoolkit
4421588,jdbc
4421588,java
4421588,informix
7028693,python-3.x
6641623,validation
6641623,viewer
6641623,adobe
6641623,textbox
6641623,pdf
6641623,vb6
6641623,string
6641623,error-handling
6876122,rest
6876122,drupal-8
1577947,pandas
7074781,c++
7074781,git
7074781,qt
7074781,arm
4945232,2d-games
4945232,xcode8
4945232,sprite-kit
4945232,swift3
6897636,php
6897636,sql
6897636,pdo
6897636,mysql-error-1064
6897636,mysql
2936486,c#
2936486,widget
2936486,asp.net
2936486,kentico
197606,laravel-5
197606,seeding
197606,unit-testing
197606,database
197606,phpunit
6788072,java
6788072,weblogic
2270185,angularjs
2270185,javascript
5356525,javascript
5773297,php
5773297,search
5773297,arrays
5773297,pagination
5773297,laravel
4737012,javascript
7082970,ios
7082970,firebase-cloud-messaging
7082970,firebase
7082970,swift
7082970,push-notification
458742,selinux
458742,centos
458742,jquery
27641,versioning
27641,json
27641,semantic-versioning
27641,bower
1440762,webpack-dev-server
1440762,javascript
1440762,ecmascript-6
3956731,java
1310343,android
29693,angular2
7053917,router
7053917,reactjs
797525,ios
797525,build
797525,xcode8
797525,swift3
