question,posted_by
How to make the favicon appear in a new window,565968
Custom filter bank is not generating the expected output,159072
How to retrain inception-v1 model?,22996
Regex for extracting filename from path,197606
How to use CSS in ASP.NET application,418343
installing kubernetes on coreos with kubeconfig (instead of deprecated --api-server),80932
testing code with `ExecutorService.Submit()` will finish test before execution?,311130
Git Extensions is crashing because filenames are too long. How can I resolve this?,181771
Horrors of OnPointerDown versus OnBeginDrag in Unity3D,294884
python: edit ISO file directly,15055
